<?xml version="1.0" encoding="UTF-8"?>

<!-- generated on 2023-03-28 02:52:17 by Eclipse SUMO duarouter Version 1.16.0
<configuration xmlns:xsi="http://www.w3.org/2001/XMLSchema-instance" xsi:noNamespaceSchemaLocation="http://sumo.dlr.de/xsd/duarouterConfiguration.xsd">

    <input>
        <net-file value=".\xuancheng1116_2.net.xml"/>
        <route-files value=".\added_veh.xml"/>
        <junction-taz value="true"/>
    </input>

    <output>
        <output-file value=".\added_veh_routes.xml"/>
    </output>

    <processing>
        <unsorted-input value="true"/>
    </processing>

</configuration>
-->

<routes xmlns:xsi="http://www.w3.org/2001/XMLSchema-instance" xsi:noNamespaceSchemaLocation="http://sumo.dlr.de/xsd/routes_file.xsd">
    <vehicle id="added_0" depart="24524.00">
        <route edges="63219 19775652 64075 63251 19775647 19775648 63257"/>
    </vehicle>
    <vehicle id="added_1" depart="24670.00">
        <route edges="63219 19775652 64075 63251 19775647 19775648 63257 63258 70348659 64086 95608732 64422"/>
    </vehicle>
    <vehicle id="added_2" depart="24996.00">
        <route edges="64166 64170 64153 70349217 70349218 60141"/>
    </vehicle>
    <vehicle id="added_3" depart="25015.00">
        <route edges="60140 70349219 64157 64163 64161 60564 61357 89156329 13467379 13467378"/>
    </vehicle>
    <vehicle id="added_4" depart="25021.00">
        <route edges="63219 19775652 64075 63251 19775647 19775648 63257"/>
    </vehicle>
    <vehicle id="added_5" depart="25049.00">
        <route edges="63366 63713"/>
    </vehicle>
    <vehicle id="added_6" depart="25115.00">
        <route edges="19775645 19775646 64071 19775650 19775651 63217"/>
    </vehicle>
    <vehicle id="added_7" depart="25560.00">
        <route edges="63219 19775652 64075 63251 19775647 19775648 63257"/>
    </vehicle>
    <vehicle id="added_8" depart="25831.00">
        <route edges="63258 70348659 64086 95608732 64422"/>
    </vehicle>
    <vehicle id="added_9" depart="26327.00">
        <route edges="63366 63713"/>
    </vehicle>
    <vehicle id="added_10" depart="26626.00">
        <route edges="63219 19775652 64075 63251 19775647 19775648 63257"/>
    </vehicle>
    <vehicle id="added_11" depart="26963.00">
        <route edges="19775645 19775646 64071 19775650 19775651 63217"/>
    </vehicle>
    <vehicle id="added_12" depart="27128.00">
        <route edges="19775645 19775646 64071 19775650 19775651 63217"/>
    </vehicle>
    <vehicle id="added_13" depart="27561.00">
        <route edges="63219 19775652 64075 63251 19775647 19775648 63257"/>
    </vehicle>
    <vehicle id="added_14" depart="27564.00">
        <route edges="63219 19775652 64075 63251 19775647 19775648 63257"/>
    </vehicle>
    <vehicle id="added_15" depart="27773.00">
        <route edges="19775645 19775646 64071 19775650 19775651 63217"/>
    </vehicle>
    <vehicle id="added_16" depart="28065.00">
        <route edges="63366 63713"/>
    </vehicle>
    <vehicle id="added_17" depart="28366.00">
        <route edges="19775645 19775646 64071 19775650 19775651 63217"/>
    </vehicle>
    <vehicle id="added_18" depart="28444.00">
        <route edges="63219 19775652 64075 63251 19775647 19775648 63257"/>
    </vehicle>
    <vehicle id="added_19" depart="28447.00">
        <route edges="63714 63721"/>
    </vehicle>
    <vehicle id="added_20" depart="28725.00">
        <route edges="19775645 19775646 64071 19775650 19775651 63217"/>
    </vehicle>
</routes>
