<?xml version="1.0" encoding="UTF-8"?>

<!-- generated on 2023-03-28 02:52:17 by Eclipse SUMO duarouter Version 1.16.0
<configuration xmlns:xsi="http://www.w3.org/2001/XMLSchema-instance" xsi:noNamespaceSchemaLocation="http://sumo.dlr.de/xsd/duarouterConfiguration.xsd">

    <input>
        <net-file value=".\xuancheng1116_2.net.xml"/>
        <route-files value=".\added_veh.xml"/>
        <junction-taz value="true"/>
    </input>

    <output>
        <output-file value=".\added_veh_routes.xml"/>
    </output>

    <processing>
        <unsorted-input value="true"/>
    </processing>

</configuration>
-->

<routes xmlns:xsi="http://www.w3.org/2001/XMLSchema-instance" xsi:noNamespaceSchemaLocation="http://sumo.dlr.de/xsd/routes_file.xsd">
    <vehicle id="added_0" depart="24524.00">
        <route edges="63219 19775652 64075 63251 19775647 19775648 63257"/>
    </vehicle>
    <vehicle id="added_1" depart="24670.00">
        <route edges="63219 19775652 64075 63251 19775647 19775648 63257 63258 70348659 64086 95608732 64422"/>
    </vehicle>
    <vehicle id="added_2" depart="24996.00">
        <route edges="64166 64170 64153 70349217 70349218 60141"/>
    </vehicle>
    <vehicle id="added_3" depart="25015.00">
        <route edges="60140 70349219 64157 64163 64161 60564 61357 89156329 13467379 13467378"/>
    </vehicle>
    <vehicle id="added_4" depart="25021.00">
        <route edges="63219 19775652 64075 63251 19775647 19775648 63257"/>
    </vehicle>
    <vehicle id="added_5" depart="25049.00">
        <route edges="63366 63713"/>
    </vehicle>
    <vehicle id="added_6" depart="25115.00">
        <route edges="19775645 19775646 64071 19775650 19775651 63217"/>
    </vehicle>
    <vehicle id="added_7" depart="25560.00">
        <route edges="63219 19775652 64075 63251 19775647 19775648 63257"/>
    </vehicle>
    <vehicle id="added_8" depart="25831.00">
        <route edges="63258 70348659 64086 95608732 64422"/>
    </vehicle>
    <vehicle id="added_9" depart="26327.00">
        <route edges="63366 63713"/>
    </vehicle>
    <vehicle id="added_10" depart="26626.00">
        <route edges="63219 19775652 64075 63251 19775647 19775648 63257"/>
    </vehicle>
    <vehicle id="added_11" depart="26963.00">
        <route edges="19775645 19775646 64071 19775650 19775651 63217"/>
    </vehicle>
    <vehicle id="added_12" depart="27128.00">
        <route edges="19775645 19775646 64071 19775650 19775651 63217"/>
    </vehicle>
    <vehicle id="added_13" depart="27561.00">
        <route edges="63219 19775652 64075 63251 19775647 19775648 63257"/>
    </vehicle>
    <vehicle id="added_14" depart="27564.00">
        <route edges="63219 19775652 64075 63251 19775647 19775648 63257"/>
    </vehicle>
    <vehicle id="added_15" depart="27773.00">
        <route edges="19775645 19775646 64071 19775650 19775651 63217"/>
    </vehicle>
    <vehicle id="added_16" depart="28065.00">
        <route edges="63366 63713"/>
    </vehicle>
    <vehicle id="added_17" depart="28366.00">
        <route edges="19775645 19775646 64071 19775650 19775651 63217"/>
    </vehicle>
    <vehicle id="added_18" depart="28444.00">
        <route edges="63219 19775652 64075 63251 19775647 19775648 63257"/>
    </vehicle>
    <vehicle id="added_19" depart="28447.00">
        <route edges="63714 63721"/>
    </vehicle>
    <vehicle id="added_20" depart="28725.00">
        <route edges="19775645 19775646 64071 19775650 19775651 63217"/>
    </vehicle>
    <vehicle id="added_21" depart="28943.00">
        <route edges="63258 70348659 64086 95608732 64422"/>
    </vehicle>
    <vehicle id="added_22" depart="28978.00">
        <route edges="62182 62182.623 64084 19775641 19775640"/>
    </vehicle>
    <vehicle id="added_23" depart="29036.00">
        <route edges="63219 19775652 64075 63251 19775647 19775648 63257"/>
    </vehicle>
    <vehicle id="added_24" depart="29044.00">
        <route edges="63219 19775652 64075 63251 19775647 19775648 63257"/>
    </vehicle>
    <vehicle id="added_25" depart="29112.00">
        <route edges="19775645 19775646 64071 19775650 19775651 63217"/>
    </vehicle>
    <vehicle id="added_26" depart="29181.00">
        <route edges="63219 19775652 64075 63251 19775647 19775648 63257"/>
    </vehicle>
    <vehicle id="added_27" depart="29294.00">
        <route edges="63385 69749702 69749701 60278"/>
    </vehicle>
    <vehicle id="added_28" depart="29641.00">
        <route edges="64166 64170 64153 70349217 70349218 60141"/>
    </vehicle>
    <vehicle id="added_29" depart="29807.00">
        <route edges="63258 70348659 64086 95608732 64422"/>
    </vehicle>
    <vehicle id="added_30" depart="29903.00">
        <route edges="64166 64170 64153 70349217 70349218 60141"/>
    </vehicle>
    <vehicle id="added_31" depart="30220.00">
        <route edges="64166 64170 64153 70349217 70349218 60141"/>
    </vehicle>
    <vehicle id="added_32" depart="30248.00">
        <route edges="63219 19775652 64075 63251 19775647 19775648 63257"/>
    </vehicle>
    <vehicle id="added_33" depart="30613.00">
        <route edges="62182 62182.623 64084 19775641 19775640"/>
    </vehicle>
    <vehicle id="added_34" depart="30621.00">
        <route edges="63219 19775652 64075 63251 19775647 19775648 63257"/>
    </vehicle>
    <vehicle id="added_35" depart="30743.00">
        <route edges="64166 64170 64153 70349217 70349218 60141"/>
    </vehicle>
    <vehicle id="added_36" depart="30933.00">
        <route edges="63219 19775652 64075 63251 19775647 19775648 63257"/>
    </vehicle>
    <vehicle id="added_37" depart="31116.00">
        <route edges="64166 64170 64153 70349217 70349218 60141"/>
    </vehicle>
    <vehicle id="added_38" depart="31216.00">
        <route edges="63366 63713"/>
    </vehicle>
    <vehicle id="added_39" depart="31219.00">
        <route edges="19775645 19775646 64071 19775650 19775651 63217"/>
    </vehicle>
    <vehicle id="added_40" depart="31375.00">
        <route edges="64166 64170 64153 70349217 70349218 60141"/>
    </vehicle>
    <vehicle id="added_41" depart="31532.00">
        <route edges="19775645 19775646 64071 19775650 19775651 63217"/>
    </vehicle>
    <vehicle id="added_42" depart="31695.00">
        <route edges="19775645 19775646 64071 19775650 19775651 63217"/>
    </vehicle>
    <vehicle id="added_43" depart="31741.00">
        <route edges="63366 63713"/>
    </vehicle>
    <vehicle id="added_44" depart="31787.00">
        <route edges="63714 63721"/>
    </vehicle>
    <vehicle id="added_45" depart="31803.00">
        <route edges="64166 64170 64153 70349217 70349218 60141"/>
    </vehicle>
    <vehicle id="added_46" depart="31893.00">
        <route edges="63219 19775652 64075 63251 19775647 19775648 63257"/>
    </vehicle>
    <vehicle id="added_47" depart="31894.00">
        <route edges="63366 63713"/>
    </vehicle>
    <vehicle id="added_48" depart="31954.00">
        <route edges="60140 70349219 64157 64163 64161 60564 61357 89156329 13467379 13467378"/>
    </vehicle>
    <vehicle id="added_49" depart="32051.00">
        <route edges="63219 19775652 64075 63251 19775647 19775648 63257"/>
    </vehicle>
    <vehicle id="added_50" depart="32057.00">
        <route edges="63714 63721"/>
    </vehicle>
    <vehicle id="added_51" depart="32132.00">
        <route edges="60267 69749704 63393 63714 63721"/>
    </vehicle>
    <vehicle id="added_52" depart="32143.00">
        <route edges="63714 63721"/>
    </vehicle>
    <vehicle id="added_53" depart="32264.00">
        <route edges="63219 19775652 64075 63251 19775647 19775648 63257"/>
    </vehicle>
    <vehicle id="added_54" depart="32552.00">
        <route edges="63219 19775652 64075 63251 19775647 19775648 63257"/>
    </vehicle>
    <vehicle id="added_55" depart="32652.00">
        <route edges="64166 64170 64153 70349217 70349218 60141"/>
    </vehicle>
    <vehicle id="added_56" depart="32947.00">
        <route edges="60140 70349219 64157 64163 64161 60564 61357 89156329 13467379 13467378"/>
    </vehicle>
    <vehicle id="added_57" depart="33109.00">
        <route edges="64166 64170 64153 70349217 70349218 60141 63219 19775652 64075 63251 19775647 19775648 63257"/>
    </vehicle>
    <vehicle id="added_58" depart="33252.00">
        <route edges="63366 63713"/>
    </vehicle>
    <vehicle id="added_59" depart="33471.00">
        <route edges="63219 19775652 64075 63251 19775647 19775648 63257"/>
    </vehicle>
    <vehicle id="added_60" depart="33524.00">
        <route edges="63219 19775652 64075 63251 19775647 19775648 63257"/>
    </vehicle>
    <vehicle id="added_61" depart="33602.00">
        <route edges="19775645 19775646 64071 19775650 19775651 63217"/>
    </vehicle>
    <vehicle id="added_62" depart="33708.00">
        <route edges="63219 19775652 64075 63251 19775647 19775648 63257"/>
    </vehicle>
    <vehicle id="added_63" depart="33842.00">
        <route edges="63219 19775652 64075 63251 19775647 19775648 63257"/>
    </vehicle>
    <vehicle id="added_64" depart="33847.00">
        <route edges="19775645 19775646 64071 19775650 19775651 63217"/>
    </vehicle>
    <vehicle id="added_65" depart="33932.00">
        <route edges="63219 19775652 64075 63251 19775647 19775648 63257"/>
    </vehicle>
    <vehicle id="added_66" depart="33960.00">
        <route edges="19775645 19775646 64071 19775650 19775651 63217 60140 70349219 64157 64163 64161 60564 61357 89156329 13467379 13467378"/>
    </vehicle>
    <vehicle id="added_67" depart="33984.00">
        <route edges="63219 19775652 64075 63251 19775647 19775648 63257"/>
    </vehicle>
    <vehicle id="added_68" depart="34090.00">
        <route edges="19775645 19775646 64071 19775650 19775651 63217"/>
    </vehicle>
    <vehicle id="added_69" depart="34227.00">
        <route edges="63219 19775652 64075 63251 19775647 19775648 63257"/>
    </vehicle>
    <vehicle id="added_70" depart="34583.00">
        <route edges="63714 63721"/>
    </vehicle>
    <vehicle id="added_71" depart="34863.00">
        <route edges="63219 19775652 64075 63251 19775647 19775648 63257"/>
    </vehicle>
    <vehicle id="added_72" depart="35086.00">
        <route edges="63219 19775652 64075 63251 19775647 19775648 63257"/>
    </vehicle>
    <vehicle id="added_73" depart="35164.00">
        <route edges="63366 63713"/>
    </vehicle>
    <vehicle id="added_74" depart="35192.00">
        <route edges="19775645 19775646 64071 19775650 19775651 63217 60140 70349219 64157 64163 64161 60564 61357 89156329 13467379 13467378"/>
    </vehicle>
    <vehicle id="added_75" depart="35361.00">
        <route edges="60140 70349219 64157 64163 64161 60564 61357 89156329 13467379 13467378"/>
    </vehicle>
</routes>
